{
  "L1": 2.66666666666667,
  "L2": 2.33333333333333,
  "L3": 2,
  "L4": 1.66666666666667,
  "L5": 2.33333333333333,
  "L6": 2.66666666666667,
  "L7": 3.33333333333333,
  "L8": 2.56666666666667,
  "L9": 1.83333333333333,
  "L10": 1.1,
  "L11": 1,
  "L12": 1.33333333333333,
  "L13": 2,
  "L14": 2.66666666666667,
  "L15": 3,
  "L16": 0.6,
  "L17": 0.366666666666667,
  "L18": 0.333333333333333,
  "L19": 0.333333333333333,
  "L20": 1.66666666666667,
  "L21": 2.33333333333333,
  "L22": 3,
  "L23": 1.2,
  "L24": 1.46666666666667,
  "L25": 1.33333333333333,
  "L26": 1.33333333333333,
  "L27": 2,
  "L28": 3,
  "L29": 3.33333333333333,
  "L30": 4.8,
  "L31": 4.2,
  "L32": 2.56666666666667,
  "L33": 2.33333333333333,
  "L34": 1.66666666666667,
  "L35": 0.333333333333333,
  "L36": 1,
  "L37": 3,
  "L38": 2,
  "R1": 2.66666666666667,
  "R2": 2.33333333333333,
  "R3": 2,
  "R4": 1.66666666666667,
  "R5": 2.33333333333333,
  "R6": 2.66666666666667,
  "R7": 3.33333333333333,
  "R8": 2.56666666666667,
  "R9": 1.83333333333333,
  "R10": 1.1,
  "R11": 1,
  "R12": 1.33333333333333,
  "R13": 2,
  "R14": 2.66666666666667,
  "R15": 3,
  "R16": 0.6,
  "R17": 0.366666666666667,
  "R18": 0.333333333333333,
  "R19": 0.333333333333333,
  "R20": 1.66666666666667,
  "R21": 2.33333333333333,
  "R22": 3,
  "R23": 1.2,
  "R24": 1.46666666666667,
  "R25": 1.33333333333333,
  "R26": 1.33333333333333,
  "R27": 2,
  "R28": 3,
  "R29": 3.33333333333333,
  "R30": 4.8,
  "R31": 4.2,
  "R32": 2.56666666666667,
  "R33": 2.33333333333333,
  "R34": 1.66666666666667,
  "R35": 0.333333333333333,
  "R36": 1,
  "R37": 3,
  "R38": 2
}
